Row Labels,Sum of Completion_Rate (%)
Business,86068.37347
Office Tools,85016.45199
Finance,84565.07146
Marketing,84102.37926
Design,83877.50241
AI,82812.93417
Data Science,82726.62506
Programming,81380.62196
Technology,80647.32788
Grand Total,751197.2877
